Page Title,Page Sub Title,Previous Page URL,Filter By Topics,Filter by Date,-,-,-
Aptavani,,/,false,false,-,-,-
Language,Month,Date,Year,Topics (Separate with dash),Title in English,Title in Original Language,File URL
Gujarati,,,,,Aaptavani - 1,આપ્તવાણી -૧,http://s768147321.onlinehome.us/DadaReact/AP/Aptvani-01.pdf
Gujarati,,,,,Aaptavani - 2,આપ્તવાણી -૨,http://s768147321.onlinehome.us/DadaReact/AP/Aptvani-02.pdf
Gujarati,,,,,Aaptavani - 3,આપ્તવાણી -૩,http://s768147321.onlinehome.us/DadaReact/AP/Aptvani-03.pdf
Gujarati,,,,,Aaptavani - 4,આપ્તવાણી -૪,http://s768147321.onlinehome.us/DadaReact/AP/Aptvani-04.pdf
Gujarati,,,,,Aaptavani - 5,આપ્તવાણી -૫,http://s768147321.onlinehome.us/DadaReact/AP/Aptvani-05.pdf
Gujarati,,,,,Aaptavani - 6,આપ્તવાણી -૬,http://s768147321.onlinehome.us/DadaReact/AP/Aptvani-06.pdf
Gujarati,,,,,Aaptavani - 7,આપ્તવાણી -૭,http://s768147321.onlinehome.us/DadaReact/AP/Aptvani-07.pdf
Gujarati,,,,,Aaptavani - 8,આપ્તવાણી -૮,http://s768147321.onlinehome.us/DadaReact/AP/Aptvani-08.pdf
Gujarati,,,,,Aaptavani - 9,આપ્તવાણી -૯,http://s768147321.onlinehome.us/DadaReact/AP/Aptvani-09.pdf
Gujarati,,,,,Aaptavani - 10 (P),આપ્તવાણી -૧૦ (પૂર્વાર્ધ),http://s768147321.onlinehome.us/DadaReact/AP/Aptvani-10(P).pdf
Gujarati,,,,,Aaptavani - 10 (U),આપ્તવાણી -૧૦ (ઉત્તરાર્ધ),http://s768147321.onlinehome.us/DadaReact/AP/Aptvani-10(U).pdf
Gujarati,,,,,Aaptavani - 11 (P),આપ્તવાણી -૧૧ (પૂર્વાર્ધ),http://s768147321.onlinehome.us/DadaReact/AP/Aptvani-11(P).pdf
Gujarati,,,,,Aaptavani - 11 (U),આપ્તવાણી -૧૧ (ઉત્તરાર્ધ),http://s768147321.onlinehome.us/DadaReact/AP/Aptvani-11(U).pdf
Gujarati,,,,,Aaptavani - 12 (P),આપ્તવાણી -૧૨ (પૂર્વાર્ધ),http://s768147321.onlinehome.us/DadaReact/AP/Aptvani-12(P).pdf
Gujarati,,,,,Aaptavani - 12 (U),આપ્તવાણી -૧૨ (ઉત્તરાર્ધ),http://s768147321.onlinehome.us/DadaReact/AP/Aptvani-12(U).pdf
Gujarati,,,,,Aaptavani - 13 (P),આપ્તવાણી -૧૩ (પૂર્વાર્ધ),http://s768147321.onlinehome.us/DadaReact/AP/Aptvani-13(P).pdf
Gujarati,,,,,Aaptavani - 13 (U),આપ્તવાણી -૧૩ (ઉત્તરાર્ધ),http://s768147321.onlinehome.us/DadaReact/AP/Aptvani-13(U).pdf
Gujarati,,,,,"Aaptavani - 14, Part-1",આપ્તવાણી -૧૪ (ભાગ-૧),http://s768147321.onlinehome.us/DadaReact/AP/Aptvani-14P-1.pdf
Gujarati,,,,,"Aaptavani - 14, Part-2",આપ્તવાણી -૧૪ (ભાગ-૨),http://s768147321.onlinehome.us/DadaReact/AP/Aptvani-14P-2.pdf
Gujarati,,,,,"Aaptavani - 14, Part-3",આપ્તવાણી -૧૪ (ભાગ-૩),http://s768147321.onlinehome.us/DadaReact/AP/Aptvani-14P-3.pdf
Gujarati,,,,,"Aaptavani - 14, Part-4",આપ્તવાણી -૧૪ (ભાગ-૪),http://s768147321.onlinehome.us/DadaReact/AP/Aptvani-14P-4.pdf
Gujarati,,,,,"Aaptavani - 14, Part-5",આપ્તવાણી -૧૪ (ભાગ-૫),http://s768147321.onlinehome.us/DadaReact/AP/Aptvani-14P-5.pdf